{"stats":{"minecraft:picked_up":{"minecraft:light_blue_concrete":2,"minecraft:blue_concrete":1,"copycats:copycat_stone_button":3,"tfmg:copper_cable":1,"create_new_age:copper_wire":2,"create:framed_glass":2,"quark:light_blue_framed_glass":3,"minecraft:black_concrete":5,"minecraft:white_concrete":1,"framedblocks:framed_button":2},"minecraft:custom":{"minecraft:leave_game":7,"minecraft:time_since_death":144136,"minecraft:time_since_rest":144136,"minecraft:sprint_one_cm":4662,"minecraft:walk_one_cm":25086,"minecraft:damage_dealt":20,"minecraft:fly_one_cm":670280,"minecraft:crouch_one_cm":2445,"minecraft:play_time":144136,"minecraft:sneak_time":3165,"minecraft:jump":83,"minecraft:total_world_time":177668},"minecraft:used":{"framedblocks:framed_elevated_slope_edge":64,"tfmg:diagonal_cable_block":1,"framedblocks:framed_sliced_stairs_slab":2,"create_new_age:reinforced_motor":2,"framedblocks:framed_button":8,"bigreactors:basic_reactorcontrolrod":17,"framedblocks:framed_slab":23,"framedblocks:framed_slope":63,"create:item_vault":8,"framedblocks:framed_elevated_double_slope_edge":18,"framedblocks:framed_stairs":2,"dankstorage:dock":1,"framedblocks:framed_double_stairs":7,"create:framed_glass_trapdoor":23,"create:railway_casing":1,"toms_storage:ts.storage_terminal":1,"bigreactors:basic_reactorpowertapfe_active":2,"framedblocks:framed_extended_double_slope_panel":23,"interiors:black_chair":1,"framedblocks:framed_double_half_slope":3,"copycats:copycat_door":9,"minecraft:diamond_block":16,"framedblocks:framed_slope_edge":2,"biomeswevegone:blue_enchanted_door":6,"create:track_station":2,"minecraft:light_blue_concrete":341,"toms_storage:ts.inventory_cable":1,"railways:track_create_andesite_wide":7,"copycats:copycat_slab":48,"minecraft:warped_door":4,"create_new_age:reactor_glass":32,"biomesoplenty:umbran_door":3,"create:framed_glass_pane":1,"tfmg:white_concrete_slab":4,"minecraft:blue_concrete":99,"mekanism:creative_energy_cube":6,"tfmg:cable_connector":2,"create_new_age:basic_motor_extension":1,"minecraft:redstone_torch":1,"copycats:copycat_box":1,"tfmg:electric_post":3,"framedblocks:framed_divided_panel_horizontal":40,"tfmg:heavy_casing_door":2,"create:controls":1,"toms_storage:ts.inventory_cable_connector":1,"minecraft:black_concrete":36,"bellsandwhistles:headlight":2,"biomesoplenty:magic_door":2,"framedblocks:framed_checkered_cube":3,"minecraft:grass_block":1,"framedblocks:framed_double_threeway_corner_pillar":1,"tfmg:copper_cable":2,"create_new_age:copper_wire":6,"bigreactors:basic_reactorsolidaccessport":6,"biomeswevegone:skyris_door":4,"tfmg:electric_motor":13,"framedblocks:framed_stacked_slope_panel":4,"framedblocks:framed_slab_edge":65,"framedblocks:framed_panel":180,"copycats:copycat_slope":39,"framedblocks:framed_vertical_double_stairs":9,"copycats:copycat_stairs":5,"framedblocks:framed_masonry_corner":1,"framedblocks:framed_double_slope":9,"copycats:copycat_half_panel":5,"createaddition:electric_motor":8,"create_new_age:electrical_connector":5,"mekanism:ultimate_energy_cube":3,"tfmg:white_concrete":81,"framedblocks:framed_divided_panel_vertical":21,"framedblocks:framed_slab_corner":6,"tfmg:cable_tube":5,"copycats:copycat_stone_button":8,"create:stressometer":2,"bigreactors:basic_reactorcontroller":5,"bigreactors:basic_reactorcasing":113,"bigreactors:basic_reactorfuelrod":32,"minecraft:white_concrete":2,"create_new_age:advanced_motor":1,"alexscaves:nuclear_bomb":1,"tfmg:blue_concrete":33,"tfmg:blue_concrete_slab":29,"framedblocks:framed_sliced_stairs_panel":2,"bigreactors:basic_reactorglass":33}},"DataVersion":3465}