{"stats":{"minecraft:custom":{"minecraft:time_since_rest":95767,"minecraft:sprint_one_cm":606,"minecraft:walk_one_cm":13378,"minecraft:damage_dealt":20,"minecraft:fly_one_cm":371620,"minecraft:crouch_one_cm":1566,"minecraft:play_time":95767,"minecraft:sneak_time":2083,"minecraft:jump":57,"minecraft:leave_game":6,"minecraft:time_since_death":95767,"minecraft:total_world_time":114005},"minecraft:picked_up":{"minecraft:light_blue_concrete":2,"create_new_age:copper_wire":2,"create:framed_glass":2,"minecraft:blue_concrete":1,"tfmg:copper_cable":1,"quark:light_blue_framed_glass":3,"minecraft:white_concrete":1},"minecraft:used":{"create_new_age:basic_motor_extension":1,"minecraft:redstone_torch":1,"copycats:copycat_box":1,"tfmg:electric_post":3,"framedblocks:framed_sliced_stairs_slab":2,"tfmg:diagonal_cable_block":1,"framedblocks:framed_divided_panel_horizontal":1,"create_new_age:reinforced_motor":2,"minecraft:black_concrete":36,"toms_storage:ts.inventory_cable_connector":1,"framedblocks:framed_slope":29,"framedblocks:framed_slab":15,"bigreactors:basic_reactorcontrolrod":17,"framedblocks:framed_double_threeway_corner_pillar":1,"create:item_vault":8,"minecraft:grass_block":1,"framedblocks:framed_elevated_double_slope_edge":12,"tfmg:copper_cable":2,"create_new_age:copper_wire":6,"bigreactors:basic_reactorsolidaccessport":6,"tfmg:electric_motor":13,"framedblocks:framed_stacked_slope_panel":4,"framedblocks:framed_stairs":2,"dankstorage:dock":1,"framedblocks:framed_slab_edge":3,"framedblocks:framed_panel":15,"copycats:copycat_slope":39,"framedblocks:framed_double_stairs":1,"copycats:copycat_stairs":5,"framedblocks:framed_masonry_corner":1,"create:framed_glass_trapdoor":6,"toms_storage:ts.storage_terminal":1,"framedblocks:framed_extended_double_slope_panel":22,"framedblocks:framed_double_slope":9,"bigreactors:basic_reactorpowertapfe_active":2,"framedblocks:framed_slope_edge":2,"framedblocks:framed_double_half_slope":3,"copycats:copycat_half_panel":5,"minecraft:diamond_block":16,"copycats:copycat_door":9,"createaddition:electric_motor":8,"biomeswevegone:blue_enchanted_door":2,"create:track_station":2,"railways:track_create_andesite_wide":7,"minecraft:light_blue_concrete":97,"toms_storage:ts.inventory_cable":1,"create_new_age:electrical_connector":5,"mekanism:ultimate_energy_cube":3,"copycats:copycat_slab":48,"framedblocks:framed_divided_panel_vertical":9,"tfmg:cable_tube":5,"copycats:copycat_stone_button":5,"create:stressometer":2,"bigreactors:basic_reactorcasing":113,"bigreactors:basic_reactorcontroller":5,"create_new_age:reactor_glass":32,"bigreactors:basic_reactorfuelrod":32,"create_new_age:advanced_motor":1,"tfmg:blue_concrete":33,"biomesoplenty:umbran_door":1,"alexscaves:nuclear_bomb":1,"create:framed_glass_pane":1,"tfmg:blue_concrete_slab":29,"tfmg:white_concrete_slab":4,"minecraft:blue_concrete":99,"framedblocks:framed_sliced_stairs_panel":2,"bigreactors:basic_reactorglass":33,"mekanism:creative_energy_cube":6,"tfmg:cable_connector":2}},"DataVersion":3465}