{
  "mcwfencesbyg:recipes/flowering_orchard_hedge": {
    "criteria": {
      "has_birch": "2024-11-30 22:00:05 +0100"
    },
    "done": true
  },
  "mcwfencesbyg:recipes/dacite_bricks": {
    "criteria": {
      "has_sand": "2024-11-30 22:00:05 +0100"
    },
    "done": true
  },
  "mcwfencesbop:recipes/flowering_oak_hedge": {
    "criteria": {
      "has_birch": "2024-11-30 22:00:05 +0100"
    },
    "done": true
  },
  "mcwfencesbyg:recipes/yellow_spruce_hedge": {
    "criteria": {
      "has_birch": "2024-11-30 22:00:05 +0100"
    },
    "done": true
  },
  "mcwfencesbyg:recipes/mahogany": {
    "criteria": {
      "has_acacia": "2024-11-30 22:00:05 +0100"
    },
    "done": true
  },
  "mcwfences:recipes/stone": {
    "criteria": {
      "has_stone": "2024-11-30 22:00:05 +0100"
    },
    "done": true
  },
  "mcwfencesbyg:recipes/witch_hazel": {
    "criteria": {
      "has_acacia": "2024-11-30 22:00:05 +0100"
    },
    "done": true
  },
  "mcwfences:recipes/end": {
    "criteria": {
      "has_end_brick": "2024-11-30 22:00:05 +0100"
    },
    "done": true
  },
  "mcwfencesbyg:recipes/araucaria_hedge": {
    "criteria": {
      "has_birch": "2024-11-30 22:00:05 +0100"
    },
    "done": true
  },
  "mcwfencesbyg:recipes/yellow_sakura_hedge": {
    "criteria": {
      "has_birch": "2024-11-30 22:00:05 +0100"
    },
    "done": true
  },
  "mcwfences:recipes/bamboo": {
    "criteria": {
      "has_bamboo": "2024-11-30 22:00:05 +0100"
    },
    "done": true
  },
  "mcwfencesbyg:recipes/flowering_ironwood_hedge": {
    "criteria": {
      "has_birch": "2024-11-30 22:00:05 +0100"
    },
    "done": true
  },
  "mcwfencesbyg:recipes/willow_hedge": {
    "criteria": {
      "has_birch": "2024-11-30 22:00:05 +0100"
    },
    "done": true
  },
  "mcwfencesbop:recipes/fir": {
    "criteria": {
      "has_acacia": "2024-11-30 22:00:05 +0100"
    },
    "done": true
  },
  "mcwfencesbyg:recipes/flowering_palo_verde_hedge": {
    "criteria": {
      "has_birch": "2024-11-30 22:00:05 +0100"
    },
    "done": true
  },
  "mcwfencesbyg:recipes/palm_hedge": {
    "criteria": {
      "has_birch": "2024-11-30 22:00:05 +0100"
    },
    "done": true
  },
  "mcwfencesbyg:recipes/cika": {
    "criteria": {
      "has_acacia": "2024-11-30 22:00:05 +0100"
    },
    "done": true
  },
  "mcwfencesbyg:recipes/blooming_witch_hazel_hedge": {
    "criteria": {
      "has_birch": "2024-11-30 22:00:05 +0100"
    },
    "done": true
  },
  "mcwfencesbyg:recipes/witch_hazel_hedge": {
    "criteria": {
      "has_birch": "2024-11-30 22:00:05 +0100"
    },
    "done": true
  },
  "mcwfences:recipes/deepslate": {
    "criteria": {
      "has_deepslate": "2024-11-30 22:00:05 +0100"
    },
    "done": true
  },
  "mcwfencesbyg:recipes/jacaranda": {
    "criteria": {
      "has_acacia": "2024-11-30 22:00:05 +0100"
    },
    "done": true
  },
  "mcwfencesbyg:recipes/red_oak_hedge": {
    "criteria": {
      "has_birch": "2024-11-30 22:00:05 +0100"
    },
    "done": true
  },
  "mcwfencesbyg:recipes/skyris": {
    "criteria": {
      "has_acacia": "2024-11-30 22:00:05 +0100"
    },
    "done": true
  },
  "mcwfencesbyg:recipes/zelkova": {
    "criteria": {
      "has_acacia": "2024-11-30 22:00:05 +0100"
    },
    "done": true
  },
  "mcwfencesbop:recipes/yellow_autumn_hedge": {
    "criteria": {
      "has_birch": "2024-11-30 22:00:05 +0100"
    },
    "done": true
  },
  "explorerscompass:explorers_compass_cracked_stone_bricks": {
    "criteria": {
      "has_recipe": "2024-11-30 22:00:05 +0100"
    },
    "done": true
  },
  "mcwfencesbyg:recipes/pine": {
    "criteria": {
      "has_acacia": "2024-11-30 22:00:05 +0100"
    },
    "done": true
  },
  "mcwfencesbyg:recipes/orange_spruce_hedge": {
    "criteria": {
      "has_birch": "2024-11-30 22:00:05 +0100"
    },
    "done": true
  },
  "mcwfencesbyg:recipes/baobab": {
    "criteria": {
      "has_acacia": "2024-11-30 22:00:05 +0100"
    },
    "done": true
  },
  "toms_storage:unlock_glowstone": {
    "criteria": {
      "inv_changed-glowstone": "2024-11-30 22:00:05 +0100"
    },
    "done": true
  },
  "mcwfencesbop:recipes/origin_hedge": {
    "criteria": {
      "has_birch": "2024-11-30 22:00:05 +0100"
    },
    "done": true
  },
  "mcwfencesbop:recipes/maple_hedge": {
    "criteria": {
      "has_birch": "2024-11-30 22:00:05 +0100"
    },
    "done": true
  },
  "mcwfencesbyg:recipes/holly_hedge": {
    "criteria": {
      "has_birch": "2024-11-30 22:00:05 +0100"
    },
    "done": true
  },
  "mcwfences:recipes/dark_oak": {
    "criteria": {
      "has_dark_oak": "2024-11-30 22:00:05 +0100"
    },
    "done": true
  },
  "mcwfencesbyg:recipes/red_spruce_hedge": {
    "criteria": {
      "has_birch": "2024-11-30 22:00:05 +0100"
    },
    "done": true
  },
  "mcwfencesbyg:recipes/willow": {
    "criteria": {
      "has_acacia": "2024-11-30 22:00:05 +0100"
    },
    "done": true
  },
  "mcwfencesbyg:recipes/redwood_hedge": {
    "criteria": {
      "has_birch": "2024-11-30 22:00:05 +0100"
    },
    "done": true
  },
  "mcwfencesbyg:recipes/sakura": {
    "criteria": {
      "has_acacia": "2024-11-30 22:00:05 +0100"
    },
    "done": true
  },
  "mcwfencesbop:recipes/orange_autumn_hedge": {
    "criteria": {
      "has_birch": "2024-11-30 22:00:05 +0100"
    },
    "done": true
  },
  "mcwfencesbyg:recipes/yellow_birch_hedge": {
    "criteria": {
      "has_birch": "2024-11-30 22:00:05 +0100"
    },
    "done": true
  },
  "mcwfencesbyg:recipes/flowering_indigo_jacaranda_hedge": {
    "criteria": {
      "has_birch": "2024-11-30 22:00:05 +0100"
    },
    "done": true
  },
  "mcwfences:recipes/spruce": {
    "criteria": {
      "has_spruce": "2024-11-30 22:00:05 +0100"
    },
    "done": true
  },
  "mcwfencesbyg:recipes/cypress_hedge": {
    "criteria": {
      "has_birch": "2024-11-30 22:00:05 +0100"
    },
    "done": true
  },
  "mcwfencesbop:recipes/hellbark_hedge": {
    "criteria": {
      "has_birch": "2024-11-30 22:00:05 +0100"
    },
    "done": true
  },
  "mcwfencesbop:recipes/magic": {
    "criteria": {
      "has_acacia": "2024-11-30 22:00:05 +0100"
    },
    "done": true
  },
  "mcwfencesbop:recipes/jacaranda_hedge": {
    "criteria": {
      "has_birch": "2024-11-30 22:00:05 +0100"
    },
    "done": true
  },
  "mcwfencesbyg:recipes/ebony": {
    "criteria": {
      "has_acacia": "2024-11-30 22:00:05 +0100"
    },
    "done": true
  },
  "mcwfencesbyg:recipes/baobab_hedge": {
    "criteria": {
      "has_birch": "2024-11-30 22:00:05 +0100"
    },
    "done": true
  },
  "mcwfencesbop:recipes/umbran_hedge": {
    "criteria": {
      "has_birch": "2024-11-30 22:00:05 +0100"
    },
    "done": true
  },
  "mcwfencesbyg:recipes/blue_enchanted_hedge": {
    "criteria": {
      "has_birch": "2024-11-30 22:00:05 +0100"
    },
    "done": true
  },
  "ars_nouveau:root": {
    "criteria": {
      "ars_nouveau:worn_notebook": "2024-11-30 22:00:05 +0100"
    },
    "done": true
  },
  "mcwfences:recipes/crimson": {
    "criteria": {
      "has_crimson": "2024-11-30 22:00:05 +0100"
    },
    "done": true
  },
  "mcwfencesbyg:recipes/black_sandstone": {
    "criteria": {
      "has_sand": "2024-11-30 22:00:05 +0100"
    },
    "done": true
  },
  "mcwfences:recipes/prismarine": {
    "criteria": {
      "has_qq": "2024-11-30 22:00:05 +0100"
    },
    "done": true
  },
  "farmersdelight:main/root": {
    "criteria": {
      "seeds": "2024-11-30 22:00:05 +0100"
    },
    "done": true
  },
  "mcwfences:recipes/quartz": {
    "criteria": {
      "has_qq": "2024-11-30 22:00:05 +0100"
    },
    "done": true
  },
  "mcwfencesbyg:recipes/white_mangrove": {
    "criteria": {
      "has_acacia": "2024-11-30 22:00:05 +0100"
    },
    "done": true
  },
  "create:root": {
    "criteria": {
      "0": "2024-11-30 22:00:05 +0100"
    },
    "done": true
  },
  "naturescompass:natures_compass_log": {
    "criteria": {
      "has_recipe": "2024-11-30 22:00:05 +0100"
    },
    "done": true
  },
  "mcwfencesbyg:recipes/rainbow_eucalyptus_hedge": {
    "criteria": {
      "has_birch": "2024-11-30 22:00:05 +0100"
    },
    "done": true
  },
  "mcwfences:recipes/sandstone": {
    "criteria": {
      "has_sand": "2024-11-30 22:00:05 +0100"
    },
    "done": true
  },
  "mcwfencesbyg:recipes/aspen": {
    "criteria": {
      "has_acacia": "2024-11-30 22:00:05 +0100"
    },
    "done": true
  },
  "mcwfencesbyg:recipes/fir_hedge": {
    "criteria": {
      "has_birch": "2024-11-30 22:00:05 +0100"
    },
    "done": true
  },
  "mcwfencesbyg:recipes/purple_sandstone": {
    "criteria": {
      "has_sand": "2024-11-30 22:00:05 +0100"
    },
    "done": true
  },
  "toms_storage:unlock_dia_pearl": {
    "criteria": {
      "inv_changed-ender_pearl": "2024-11-30 22:00:05 +0100",
      "inv_changed-diamond": "2024-11-30 22:00:05 +0100"
    },
    "done": true
  },
  "mcwfencesbyg:recipes/cika_hedge": {
    "criteria": {
      "has_birch": "2024-11-30 22:00:05 +0100"
    },
    "done": true
  },
  "mcwfencesbyg:recipes/ebony_hedge": {
    "criteria": {
      "has_birch": "2024-11-30 22:00:05 +0100"
    },
    "done": true
  },
  "ironfurnaces:coal": {
    "criteria": {
      "rainbowcoal": "2024-11-30 22:00:05 +0100"
    },
    "done": true
  },
  "mcwfences:recipes/acacia": {
    "criteria": {
      "has_acacia": "2024-11-30 22:00:05 +0100"
    },
    "done": true
  },
  "mcwfencesbop:recipes/rainbow_birch_hedge": {
    "criteria": {
      "has_birch": "2024-11-30 22:00:05 +0100"
    },
    "done": true
  },
  "mcwfencesbyg:recipes/palm": {
    "criteria": {
      "has_acacia": "2024-11-30 22:00:05 +0100"
    },
    "done": true
  },
  "mcwfencesbyg:recipes/flowering_jacaranda_hedge": {
    "criteria": {
      "has_birch": "2024-11-30 22:00:05 +0100"
    },
    "done": true
  },
  "mcwfencesbyg:recipes/mahogany_hedge": {
    "criteria": {
      "has_birch": "2024-11-30 22:00:05 +0100"
    },
    "done": true
  },
  "mcwfencesbyg:recipes/red_rock_bricks": {
    "criteria": {
      "has_sand": "2024-11-30 22:00:05 +0100"
    },
    "done": true
  },
  "mcwfencesbyg:recipes/blue_enchanted": {
    "criteria": {
      "has_acacia": "2024-11-30 22:00:05 +0100"
    },
    "done": true
  },
  "mcwfencesbyg:recipes/brown_oak_hedge": {
    "criteria": {
      "has_birch": "2024-11-30 22:00:05 +0100"
    },
    "done": true
  },
  "mcwfencesbyg:recipes/flowering_yucca_hedge": {
    "criteria": {
      "has_birch": "2024-11-30 22:00:05 +0100"
    },
    "done": true
  },
  "mcwfencesbop:recipes/hellbark": {
    "criteria": {
      "has_acacia": "2024-11-30 22:00:05 +0100"
    },
    "done": true
  },
  "mcwfencesbop:recipes/dead_hedge": {
    "criteria": {
      "has_birch": "2024-11-30 22:00:05 +0100"
    },
    "done": true
  },
  "mcwfencesbop:recipes/snowblossom_hedge": {
    "criteria": {
      "has_birch": "2024-11-30 22:00:05 +0100"
    },
    "done": true
  },
  "mcwfencesbyg:recipes/aspen_hedge": {
    "criteria": {
      "has_birch": "2024-11-30 22:00:05 +0100"
    },
    "done": true
  },
  "mcwfencesbyg:recipes/redwood": {
    "criteria": {
      "has_acacia": "2024-11-30 22:00:05 +0100"
    },
    "done": true
  },
  "naturescompass:natures_compass": {
    "criteria": {
      "has_recipe": "2024-11-30 22:00:05 +0100"
    },
    "done": true
  },
  "mcwfencesbop:recipes/umbran": {
    "criteria": {
      "has_acacia": "2024-11-30 22:00:05 +0100"
    },
    "done": true
  },
  "mcwfences:recipes/jungle": {
    "criteria": {
      "has_jungle": "2024-11-30 22:00:05 +0100"
    },
    "done": true
  },
  "mcwfences:recipes/oak": {
    "criteria": {
      "has_oak": "2024-11-30 22:00:05 +0100"
    },
    "done": true
  },
  "mcwfencesbyg:recipes/white_sakura_hedge": {
    "criteria": {
      "has_birch": "2024-11-30 22:00:05 +0100"
    },
    "done": true
  },
  "naturescompass:natures_compass_sapling": {
    "criteria": {
      "has_recipe": "2024-11-30 22:00:05 +0100"
    },
    "done": true
  },
  "mcwfencesbop:recipes/willow_hedge": {
    "criteria": {
      "has_birch": "2024-11-30 22:00:05 +0100"
    },
    "done": true
  },
  "mcwfencesbyg:recipes/pink_sandstone": {
    "criteria": {
      "has_sand": "2024-11-30 22:00:05 +0100"
    },
    "done": true
  },
  "mcwfencesbyg:recipes/ironwood": {
    "criteria": {
      "has_acacia": "2024-11-30 22:00:05 +0100"
    },
    "done": true
  },
  "mcwfencesbyg:recipes/blue_spruce_hedge": {
    "criteria": {
      "has_birch": "2024-11-30 22:00:05 +0100"
    },
    "done": true
  },
  "mcwfencesbyg:recipes/fir": {
    "criteria": {
      "has_acacia": "2024-11-30 22:00:05 +0100"
    },
    "done": true
  },
  "mcwfencesbyg:recipes/zelkova_hedge": {
    "criteria": {
      "has_birch": "2024-11-30 22:00:05 +0100"
    },
    "done": true
  },
  "mcwfencesbyg:recipes/red_birch_hedge": {
    "criteria": {
      "has_birch": "2024-11-30 22:00:05 +0100"
    },
    "done": true
  },
  "mcwfencesbyg:recipes/ironwood_hedge": {
    "criteria": {
      "has_birch": "2024-11-30 22:00:05 +0100"
    },
    "done": true
  },
  "mcwfencesbyg:recipes/maple": {
    "criteria": {
      "has_acacia": "2024-11-30 22:00:05 +0100"
    },
    "done": true
  },
  "mcwfencesbyg:recipes/blue_sandstone": {
    "criteria": {
      "has_sand": "2024-11-30 22:00:05 +0100"
    },
    "done": true
  },
  "mcwfencesbyg:recipes/white_mangrove_hedge": {
    "criteria": {
      "has_birch": "2024-11-30 22:00:05 +0100"
    },
    "done": true
  },
  "mcwfencesbop:recipes/willow": {
    "criteria": {
      "has_acacia": "2024-11-30 22:00:05 +0100"
    },
    "done": true
  },
  "mcwfences:recipes/mud_brick": {
    "criteria": {
      "has_qq": "2024-11-30 22:00:05 +0100"
    },
    "done": true
  },
  "toms_storage:unlock_netherite": {
    "criteria": {
      "inv_changed-netherite": "2024-11-30 22:00:05 +0100"
    },
    "done": true
  },
  "mcwfences:recipes/mangrove": {
    "criteria": {
      "has_mangrove": "2024-11-30 22:00:05 +0100"
    },
    "done": true
  },
  "mcwfences:recipes/warped": {
    "criteria": {
      "has_warped": "2024-11-30 22:00:05 +0100"
    },
    "done": true
  },
  "mcwfencesbyg:recipes/maple_hedge": {
    "criteria": {
      "has_birch": "2024-11-30 22:00:05 +0100"
    },
    "done": true
  },
  "mcwfencesbop:recipes/palm_hedge": {
    "criteria": {
      "has_birch": "2024-11-30 22:00:05 +0100"
    },
    "done": true
  },
  "mcwfencesbyg:recipes/florus": {
    "criteria": {
      "has_acacia": "2024-11-30 22:00:05 +0100"
    },
    "done": true
  },
  "mcwfencesbyg:recipes/holly": {
    "criteria": {
      "has_acacia": "2024-11-30 22:00:05 +0100"
    },
    "done": true
  },
  "mcwfencesbyg:recipes/white_sandstone": {
    "criteria": {
      "has_sand": "2024-11-30 22:00:05 +0100"
    },
    "done": true
  },
  "mcwfencesbyg:recipes/pine_hedge": {
    "criteria": {
      "has_birch": "2024-11-30 22:00:05 +0100"
    },
    "done": true
  },
  "mcwfencesbyg:recipes/green_enchanted_hedge": {
    "criteria": {
      "has_birch": "2024-11-30 22:00:05 +0100"
    },
    "done": true
  },
  "mcwfencesbyg:recipes/green_enchanted": {
    "criteria": {
      "has_acacia": "2024-11-30 22:00:05 +0100"
    },
    "done": true
  },
  "mcwfences:recipes/blackstone": {
    "criteria": {
      "has_blackstone": "2024-11-30 22:00:05 +0100"
    },
    "done": true
  },
  "mcwfencesbyg:recipes/orange_oak_hedge": {
    "criteria": {
      "has_birch": "2024-11-30 22:00:05 +0100"
    },
    "done": true
  },
  "mcwfencesbop:recipes/magic_hedge": {
    "criteria": {
      "has_birch": "2024-11-30 22:00:05 +0100"
    },
    "done": true
  },
  "mcwfencesbop:recipes/mahogany": {
    "criteria": {
      "has_acacia": "2024-11-30 22:00:05 +0100"
    },
    "done": true
  },
  "mcwfencesbyg:recipes/jacaranda_hedge": {
    "criteria": {
      "has_birch": "2024-11-30 22:00:05 +0100"
    },
    "done": true
  },
  "mcwfencesbyg:recipes/brown_birch_hedge": {
    "criteria": {
      "has_birch": "2024-11-30 22:00:05 +0100"
    },
    "done": true
  },
  "explorerscompass:explorers_compass_cobweb": {
    "criteria": {
      "has_recipe": "2024-11-30 22:00:05 +0100"
    },
    "done": true
  },
  "mcwfencesbyg:recipes/rainbow_eucalyptus": {
    "criteria": {
      "has_acacia": "2024-11-30 22:00:05 +0100"
    },
    "done": true
  },
  "mcwfences:recipes/hedge": {
    "criteria": {
      "has_birch": "2024-11-30 22:00:05 +0100"
    },
    "done": true
  },
  "mcwfencesbop:recipes/palm": {
    "criteria": {
      "has_acacia": "2024-11-30 22:00:05 +0100"
    },
    "done": true
  },
  "mcwfencesbyg:recipes/red_maple_hedge": {
    "criteria": {
      "has_birch": "2024-11-30 22:00:05 +0100"
    },
    "done": true
  },
  "mcwfencesbop:recipes/redwood_hedge": {
    "criteria": {
      "has_birch": "2024-11-30 22:00:05 +0100"
    },
    "done": true
  },
  "mcwfencesbop:recipes/jacaranda": {
    "criteria": {
      "has_acacia": "2024-11-30 22:00:05 +0100"
    },
    "done": true
  },
  "mcwfences:recipes/nether": {
    "criteria": {
      "has_nether_brick": "2024-11-30 22:00:05 +0100"
    },
    "done": true
  },
  "mcwfencesbyg:recipes/skyris_hedge": {
    "criteria": {
      "has_birch": "2024-11-30 22:00:05 +0100"
    },
    "done": true
  },
  "toms_storage:unlock_chest": {
    "criteria": {
      "inv_changed-chest": "2024-11-30 22:00:05 +0100"
    },
    "done": true
  },
  "mcwfencesbop:recipes/dead": {
    "criteria": {
      "has_acacia": "2024-11-30 22:00:05 +0100"
    },
    "done": true
  },
  "numismatics:root": {
    "criteria": {
      "0": "2024-11-30 22:00:05 +0100"
    },
    "done": true
  },
  "mcwfencesbop:recipes/mahogany_hedge": {
    "criteria": {
      "has_birch": "2024-11-30 22:00:05 +0100"
    },
    "done": true
  },
  "mcwfences:recipes/birch": {
    "criteria": {
      "has_birch": "2024-11-30 22:00:05 +0100"
    },
    "done": true
  },
  "mythicmounts:summoning_staff": {
    "criteria": {
      "has_the_recipe": "2024-11-30 22:00:05 +0100"
    },
    "done": true
  },
  "mcwfencesbyg:recipes/cypress": {
    "criteria": {
      "has_acacia": "2024-11-30 22:00:05 +0100"
    },
    "done": true
  },
  "mcwfencesbop:recipes/redwood": {
    "criteria": {
      "has_acacia": "2024-11-30 22:00:05 +0100"
    },
    "done": true
  },
  "mcwfencesbyg:recipes/orange_birch_hedge": {
    "criteria": {
      "has_birch": "2024-11-30 22:00:05 +0100"
    },
    "done": true
  },
  "mcwfencesbyg:recipes/windswept_sandstone": {
    "criteria": {
      "has_sand": "2024-11-30 22:00:05 +0100"
    },
    "done": true
  },
  "mcwfencesbyg:recipes/flowering_skyris_hedge": {
    "criteria": {
      "has_birch": "2024-11-30 22:00:05 +0100"
    },
    "done": true
  },
  "explorerscompass:explorers_compass": {
    "criteria": {
      "has_recipe": "2024-11-30 22:00:05 +0100"
    },
    "done": true
  },
  "mcwfencesbop:recipes/fir_hedge": {
    "criteria": {
      "has_birch": "2024-11-30 22:00:05 +0100"
    },
    "done": true
  },
  "idas:idas_root": {
    "criteria": {
      "always": "2024-11-30 22:00:06 +0100"
    },
    "done": true
  },
  "biomeswevegone:biomeswevegone/root": {
    "criteria": {
      "tick": "2024-11-30 22:00:06 +0100"
    },
    "done": true
  },
  "dungeons_arise:wda_root": {
    "criteria": {
      "WDA": "2024-11-30 22:00:06 +0100"
    },
    "done": true
  },
  "yungscavebiomes:root": {
    "criteria": {
      "always": "2024-11-30 22:00:06 +0100"
    },
    "done": true
  },
  "simplyswords:grant_book_on_first_join": {
    "criteria": {
      "tick": "2024-11-30 22:00:06 +0100"
    },
    "done": true
  },
  "mekanism:root": {
    "criteria": {
      "automatic": "2024-11-30 22:00:06 +0100"
    },
    "done": true
  },
  "betterdungeons:root": {
    "criteria": {
      "always": "2024-11-30 22:00:06 +0100"
    },
    "done": true
  },
  "lootr:root": {
    "criteria": {
      "always_true": "2024-11-30 22:00:06 +0100"
    },
    "done": true
  },
  "occultism:occultism/root": {
    "criteria": {
      "occultism_present": "2024-11-30 22:00:06 +0100"
    },
    "done": true
  },
  "betterdeserttemples:root": {
    "criteria": {
      "always": "2024-11-30 22:00:06 +0100"
    },
    "done": true
  },
  "rats:root": {
    "criteria": {
      "tick": "2024-11-30 22:00:06 +0100"
    },
    "done": true
  },
  "irons_spellbooks:grant_patchouli": {
    "criteria": {
      "tick": "2024-11-30 22:00:06 +0100"
    },
    "done": true
  },
  "minecraft:adventure/adventuring_time": {
    "criteria": {
      "minecraft:plains": "2024-11-30 22:00:21 +0100"
    },
    "done": false
  },
  "create:stressometer": {
    "criteria": {
      "0": "2024-12-01 13:36:24 +0100"
    },
    "done": true
  },
  "create:wrench_goggles": {
    "criteria": {
      "0": "2024-12-07 00:04:39 +0100",
      "1": "2024-12-01 13:36:24 +0100"
    },
    "done": true
  },
  "alexscaves:alexscaves/nuclear_bomb": {
    "criteria": {
      "nuclear_bomb": "2024-12-05 10:30:27 +0100"
    },
    "done": true
  },
  "create:track_0": {
    "criteria": {
      "0": "2024-12-07 00:00:21 +0100"
    },
    "done": true
  },
  "create:train": {
    "criteria": {
      "0": "2024-12-07 13:25:13 +0100"
    },
    "done": true
  },
  "create:super_glue": {
    "criteria": {
      "0": "2024-12-07 13:24:18 +0100"
    },
    "done": true
  },
  "DataVersion": 3465
}