{"stats":{"minecraft:custom":{"minecraft:time_since_rest":62236,"minecraft:sprint_one_cm":606,"minecraft:walk_one_cm":11464,"minecraft:damage_dealt":20,"minecraft:fly_one_cm":338864,"minecraft:crouch_one_cm":1256,"minecraft:play_time":62236,"minecraft:sneak_time":1573,"minecraft:jump":52,"minecraft:leave_game":6,"minecraft:time_since_death":62236,"minecraft:total_world_time":78007},"minecraft:picked_up":{"minecraft:light_blue_concrete":2,"create_new_age:copper_wire":2,"create:framed_glass":2,"minecraft:blue_concrete":1,"tfmg:copper_cable":1,"quark:light_blue_framed_glass":3,"minecraft:white_concrete":1},"minecraft:used":{"create_new_age:basic_motor_extension":1,"minecraft:redstone_torch":1,"copycats:copycat_box":1,"tfmg:electric_post":3,"tfmg:diagonal_cable_block":1,"create_new_age:reinforced_motor":2,"toms_storage:ts.inventory_cable_connector":1,"bigreactors:basic_reactorcontrolrod":17,"framedblocks:framed_double_threeway_corner_pillar":1,"create:item_vault":8,"minecraft:grass_block":1,"framedblocks:framed_elevated_double_slope_edge":1,"tfmg:copper_cable":2,"create_new_age:copper_wire":6,"bigreactors:basic_reactorsolidaccessport":6,"tfmg:electric_motor":13,"dankstorage:dock":1,"copycats:copycat_slope":39,"framedblocks:framed_double_stairs":1,"copycats:copycat_stairs":5,"toms_storage:ts.storage_terminal":1,"bigreactors:basic_reactorpowertapfe_active":2,"copycats:copycat_half_panel":5,"minecraft:diamond_block":16,"copycats:copycat_door":9,"createaddition:electric_motor":8,"biomeswevegone:blue_enchanted_door":2,"create:track_station":2,"railways:track_create_andesite_wide":7,"minecraft:light_blue_concrete":95,"toms_storage:ts.inventory_cable":1,"create_new_age:electrical_connector":5,"mekanism:ultimate_energy_cube":3,"copycats:copycat_slab":48,"tfmg:cable_tube":5,"copycats:copycat_stone_button":5,"create:stressometer":2,"bigreactors:basic_reactorcasing":113,"bigreactors:basic_reactorcontroller":5,"create_new_age:reactor_glass":32,"bigreactors:basic_reactorfuelrod":32,"create_new_age:advanced_motor":1,"tfmg:blue_concrete":33,"biomesoplenty:umbran_door":1,"alexscaves:nuclear_bomb":1,"tfmg:blue_concrete_slab":29,"tfmg:white_concrete_slab":4,"minecraft:blue_concrete":99,"bigreactors:basic_reactorglass":33,"mekanism:creative_energy_cube":6,"tfmg:cable_connector":2}},"DataVersion":3465}