{
  "explorerscompass:explorers_compass_cracked_stone_bricks": {
    "criteria": {
      "has_recipe": "2024-11-24 16:10:04 +0100"
    },
    "done": true
  },
  "toms_storage:unlock_glowstone": {
    "criteria": {
      "inv_changed-glowstone": "2024-11-24 16:10:04 +0100"
    },
    "done": true
  },
  "ars_nouveau:root": {
    "criteria": {
      "ars_nouveau:worn_notebook": "2024-11-24 16:10:04 +0100"
    },
    "done": true
  },
  "farmersdelight:main/root": {
    "criteria": {
      "seeds": "2024-11-24 16:10:04 +0100"
    },
    "done": true
  },
  "create:root": {
    "criteria": {
      "0": "2024-11-24 16:10:04 +0100"
    },
    "done": true
  },
  "naturescompass:natures_compass_log": {
    "criteria": {
      "has_recipe": "2024-11-24 16:10:04 +0100"
    },
    "done": true
  },
  "toms_storage:unlock_dia_pearl": {
    "criteria": {
      "inv_changed-ender_pearl": "2024-11-24 16:10:04 +0100",
      "inv_changed-diamond": "2024-11-24 16:10:04 +0100"
    },
    "done": true
  },
  "ironfurnaces:coal": {
    "criteria": {
      "rainbowcoal": "2024-11-24 16:10:04 +0100"
    },
    "done": true
  },
  "naturescompass:natures_compass": {
    "criteria": {
      "has_recipe": "2024-11-24 16:10:04 +0100"
    },
    "done": true
  },
  "naturescompass:natures_compass_sapling": {
    "criteria": {
      "has_recipe": "2024-11-24 16:10:04 +0100"
    },
    "done": true
  },
  "toms_storage:unlock_netherite": {
    "criteria": {
      "inv_changed-netherite": "2024-11-24 16:10:04 +0100"
    },
    "done": true
  },
  "explorerscompass:explorers_compass_cobweb": {
    "criteria": {
      "has_recipe": "2024-11-24 16:10:04 +0100"
    },
    "done": true
  },
  "toms_storage:unlock_chest": {
    "criteria": {
      "inv_changed-chest": "2024-11-24 16:10:04 +0100"
    },
    "done": true
  },
  "numismatics:root": {
    "criteria": {
      "0": "2024-11-24 16:10:04 +0100"
    },
    "done": true
  },
  "mythicmounts:summoning_staff": {
    "criteria": {
      "has_the_recipe": "2024-11-24 16:10:04 +0100"
    },
    "done": true
  },
  "explorerscompass:explorers_compass": {
    "criteria": {
      "has_recipe": "2024-11-24 16:10:04 +0100"
    },
    "done": true
  },
  "idas:idas_root": {
    "criteria": {
      "always": "2024-11-24 16:10:05 +0100"
    },
    "done": true
  },
  "biomeswevegone:biomeswevegone/root": {
    "criteria": {
      "tick": "2024-11-24 16:10:05 +0100"
    },
    "done": true
  },
  "dungeons_arise:wda_root": {
    "criteria": {
      "WDA": "2024-11-24 16:10:05 +0100"
    },
    "done": true
  },
  "yungscavebiomes:root": {
    "criteria": {
      "always": "2024-11-24 16:10:05 +0100"
    },
    "done": true
  },
  "simplyswords:grant_book_on_first_join": {
    "criteria": {
      "tick": "2024-11-24 16:10:05 +0100"
    },
    "done": true
  },
  "mekanism:root": {
    "criteria": {
      "automatic": "2024-11-24 16:10:05 +0100"
    },
    "done": true
  },
  "betterdungeons:root": {
    "criteria": {
      "always": "2024-11-24 16:10:05 +0100"
    },
    "done": true
  },
  "lootr:root": {
    "criteria": {
      "always_true": "2024-11-24 16:10:05 +0100"
    },
    "done": true
  },
  "occultism:occultism/root": {
    "criteria": {
      "occultism_present": "2024-11-24 16:10:05 +0100"
    },
    "done": true
  },
  "betterdeserttemples:root": {
    "criteria": {
      "always": "2024-11-24 16:10:05 +0100"
    },
    "done": true
  },
  "rats:root": {
    "criteria": {
      "tick": "2024-11-24 16:10:05 +0100"
    },
    "done": true
  },
  "irons_spellbooks:grant_patchouli": {
    "criteria": {
      "tick": "2024-11-24 16:10:05 +0100"
    },
    "done": true
  },
  "minecraft:adventure/adventuring_time": {
    "criteria": {
      "minecraft:plains": "2024-11-24 16:10:37 +0100"
    },
    "done": false
  },
  "mcwroofs:recipes/grass": {
    "criteria": {
      "has_planks": "2024-11-26 12:53:13 +0100"
    },
    "done": true
  },
  "mcwroofs:recipes/oak": {
    "criteria": {
      "has_planks": "2024-11-26 12:54:51 +0100"
    },
    "done": true
  },
  "mcwroofs:recipes/spruce_planks": {
    "criteria": {
      "has_planks": "2024-11-26 12:54:51 +0100"
    },
    "done": true
  },
  "minecraft:adventure/root": {
    "criteria": {
      "killed_something": "2024-11-26 12:47:30 +0100"
    },
    "done": true
  },
  "minecraft:adventure/kill_all_mobs": {
    "criteria": {
      "minecraft:slime": "2024-11-26 12:47:30 +0100"
    },
    "done": false
  },
  "minecraft:adventure/kill_a_mob": {
    "criteria": {
      "minecraft:slime": "2024-11-26 12:47:30 +0100"
    },
    "done": true
  },
  "ars_nouveau:novice_spell_book": {
    "criteria": {
      "has_novice_spell_book": "2024-11-26 12:46:35 +0100"
    },
    "done": true
  },
  "DataVersion": 3465
}