{"stats":{"minecraft:dropped":{"ars_nouveau:spell_crossbow":1},"minecraft:used":{"minecraft:redstone_torch":2,"ars_nouveau:spell_crossbow":6,"factory_blocks:vent":5,"factory_blocks:fan_four_on":1,"factory_blocks:fan_side":20,"factory_blocks:fan_malfunction_on":4,"factory_blocks:fan_on":1,"factory_blocks:fan":1,"factory_blocks:medium_fan":1,"factory_blocks:wgpanel":11,"factory_blocks:ice":16,"factory_blocks:piping":8,"factory_blocks:caution":6,"minecraft:grass_block":1,"factory_blocks:hazard":28,"factory_blocks:small_pipes":10,"factory_blocks:bcircuit":1,"factory_blocks:hex":45,"factory_blocks:rust":13,"ars_nouveau:scribes_table":1,"factory_blocks:gvent":2,"factory_blocks:large_plating":94},"minecraft:picked_up":{"minecraft:crossbow":2,"ars_nouveau:spell_crossbow":2},"minecraft:custom":{"minecraft:time_since_rest":28351,"minecraft:crouch_one_cm":27,"minecraft:sprint_one_cm":272,"minecraft:play_time":28351,"minecraft:walk_one_cm":1010,"minecraft:sneak_time":831,"minecraft:mob_kills":12,"minecraft:drop":1,"minecraft:jump":11,"minecraft:damage_dealt":10,"minecraft:leave_game":2,"minecraft:time_since_death":28351,"minecraft:total_world_time":35245,"minecraft:fly_one_cm":267718},"minecraft:killed":{"minecraft:slime":12}},"DataVersion":3465}