{"stats":{"minecraft:picked_up":{"minecraft:light_blue_concrete":2,"minecraft:blue_concrete":1,"copycats:copycat_stone_button":3,"tfmg:copper_cable":1,"create_new_age:copper_wire":2,"create:framed_glass":2,"quark:light_blue_framed_glass":3,"minecraft:black_concrete":5,"minecraft:white_concrete":1,"framedblocks:framed_button":2},"minecraft:custom":{"minecraft:leave_game":7,"minecraft:time_since_death":175395,"minecraft:time_since_rest":175395,"minecraft:sprint_one_cm":17222,"minecraft:walk_one_cm":82853,"minecraft:damage_dealt":30,"minecraft:talked_to_villager":1,"minecraft:fly_one_cm":810637,"minecraft:crouch_one_cm":4846,"minecraft:play_time":175395,"minecraft:sneak_time":4296,"minecraft:jump":139,"minecraft:total_world_time":213668},"minecraft:used":{"create:framed_glass":12,"framedblocks:framed_elevated_slope_edge":64,"tfmg:diagonal_cable_block":1,"trainutilities:door_pkp_ic_blue":28,"createrailwaysnavigator:advanced_display_sloped":3,"framedblocks:framed_sliced_stairs_slab":2,"create_new_age:reinforced_motor":2,"framedblocks:framed_button":8,"interiors:light_gray_floor_chair":14,"createdeco:industrial_iron_support_wedge":7,"bigreactors:basic_reactorcontrolrod":17,"framedblocks:framed_slab":24,"framedblocks:framed_slope":63,"create:item_vault":8,"framedblocks:framed_elevated_double_slope_edge":18,"createdeco:iron_support_wedge":6,"framedblocks:framed_stairs":2,"dankstorage:dock":1,"framedblocks:framed_double_stairs":39,"create:framed_glass_trapdoor":24,"create:railway_casing":1,"toms_storage:ts.storage_terminal":1,"create:analog_lever":3,"trainutilities:door_andesite_alloy":1,"bigreactors:basic_reactorpowertapfe_active":2,"framedblocks:framed_extended_double_slope_panel":23,"interiors:black_chair":1,"framedblocks:framed_double_half_slope":3,"copycats:copycat_door":9,"minecraft:diamond_block":16,"framedblocks:framed_slope_edge":2,"biomeswevegone:blue_enchanted_door":6,"create:track_station":2,"minecraft:light_blue_concrete":394,"toms_storage:ts.inventory_cable":1,"railways:track_create_andesite_wide":15,"copycats:copycat_slab":48,"trainutilities:door_industrial_iron":2,"minecraft:warped_door":4,"create_new_age:reactor_glass":32,"createrailwaysnavigator:advanced_display_half_panel":4,"biomesoplenty:umbran_door":3,"create:framed_glass_pane":1,"tfmg:white_concrete_slab":4,"minecraft:blue_concrete":99,"mekanism:creative_energy_cube":6,"tfmg:cable_connector":2,"create_new_age:basic_motor_extension":1,"minecraft:redstone_torch":1,"copycats:copycat_box":1,"tfmg:electric_post":3,"createrailwaysnavigator:advanced_display_small":2,"framedblocks:framed_divided_panel_horizontal":43,"tfmg:heavy_casing_door":2,"create:controls":1,"toms_storage:ts.inventory_cable_connector":1,"minecraft:black_concrete":36,"bellsandwhistles:headlight":2,"biomesoplenty:magic_door":2,"interiors:light_gray_chair":2,"framedblocks:framed_checkered_cube":3,"minecraft:grass_block":1,"framedblocks:framed_double_threeway_corner_pillar":1,"tfmg:copper_cable":2,"create_new_age:copper_wire":6,"bigreactors:basic_reactorsolidaccessport":6,"biomeswevegone:skyris_door":4,"tfmg:electric_motor":13,"framedblocks:framed_stacked_slope_panel":4,"createdeco:industrial_iron_catwalk_railing":3,"quark:iron_rod":8,"framedblocks:framed_slab_edge":65,"framedblocks:framed_panel":181,"moderntrainparts:pantograph":1,"copycats:copycat_slope":39,"mcwwindows:metal_curtain_rod":4,"framedblocks:framed_vertical_double_stairs":9,"copycats:copycat_stairs":5,"framedblocks:framed_masonry_corner":1,"framedblocks:framed_double_slope":9,"copycats:copycat_half_panel":5,"createaddition:electric_motor":8,"create_new_age:electrical_connector":5,"mekanism:ultimate_energy_cube":3,"tfmg:white_concrete":84,"framedblocks:framed_divided_panel_vertical":21,"framedblocks:framed_slab_corner":6,"tfmg:cable_tube":5,"copycats:copycat_stone_button":8,"create:stressometer":2,"bigreactors:basic_reactorcontroller":5,"bigreactors:basic_reactorcasing":113,"bigreactors:basic_reactorfuelrod":32,"minecraft:white_concrete":2,"create_new_age:advanced_motor":1,"alexscaves:nuclear_bomb":1,"tfmg:blue_concrete":33,"create:redstone_link":2,"tfmg:blue_concrete_slab":29,"framedblocks:framed_sliced_stairs_panel":2,"framedblocks:framed_post":31,"bigreactors:basic_reactorglass":33}},"DataVersion":3465}